Year,Immediate_Con,Immediate_Lab,Immediate_LD,Immediate_UKIP,Immediate_Green,Month_Con,Month_Lab,Month_LD,Month_UKIP,Month_Green,ThreeMonth_Con,ThreeMonth_Lab,ThreeMonth_LD,ThreeMonth_UKIP,ThreeMonth_Green,SixMonth_Con,SixMonth_Lab,SixMonth_LD,SixMonth_UKIP,SixMonth_Green,Year_Con,Year_Lab,Year_LD,Year_UKIP,Year_Green
2010,35.76923077,28.07692308,27,NA,NA,35.02272727,28.125,26.01136364,NA,NA,38.41666667,30.54166667,18.33333333,NA,NA,39.14285714,27.85714286,17.5,NA,NA,39.6875,23.1875,18.6875,NA,NA
2015,33.68421053,33.52631579,9.157894737,12.78947368,4.722222222,33.55714286,33.58571429,8.285714286,13.6,5.057971014,32.41860465,33.48837209,7.604651163,14.46511628,6.325581395,31.65909091,33.18181818,7.636363636,15.93181818,5.613636364,32.07317073,34.95121951,8.707317073,14.975,3.914285714
